feature,importance
npa_ratio,227.1752310028196
reserve_coverage_ratio,134.53105614672683
roa,119.77026180637466
deposits_to_assets,112.24310499722087
equity_to_assets,111.14150329885115
loans_to_assets,107.49063378681683
capital_ratio,80.39104134005044
