risk_bucket,n,pct
Low,3976,0.9169741697416974
Medium,277,0.06388376383763837
High,83,0.019142066420664208
