high_risk,n,pct
0,3259,0.7500575373993096
1,1086,0.24994246260069045
