metric,value
accuracy,0.7701767870868562
auc,0.30339158674197936
