metric,value
accuracy,0.7609531129900077
auc,0.2686417225823574
