metric,value
accuracy,0.7694081475787855
auc,0.2544132327482722
